Id,Churn
0,0.05197118389421192
1,0.7027102419202116
2,0.7018496644966267
3,0.0206895934534386
4,0.010162307673953916
5,0.10775782787260403
6,0.5156730667076951
7,0.2445533927712404
8,0.05728158119981592
9,0.3129904908024621
10,0.25006432018312946
11,0.168878158396666
12,0.3541734577408579
13,0.11856673656427777
14,0.019066558467416662
15,0.033258565906462534
16,0.1840888887882245
17,0.3627793071461536
18,0.03274883603754957
19,0.024696418472819504
20,0.1519415120477397
21,0.022974052965468866
22,0.8160772263420621
23,0.4765834241986704
24,0.13315888347837485
25,0.3469362019588949
26,0.15245602690117893
27,0.027004157559408878
28,0.03914806873273574
29,0.009953053597627827
30,0.6442247142843712
31,0.375774802085589
32,0.7741141855006015
33,0.5203789453173402
34,0.07521686085584975
35,0.033142031168924356
36,0.5741510706250377
37,0.0448626014205846
38,0.10920235057825103
39,0.043963336197549434
40,0.36098334735917154
41,0.5900071488561616
42,0.38674992042804984
43,0.1976667015088664
44,0.3448198950093518
45,0.3183498093710626
46,0.1887718712253335
47,0.127428060225287
48,0.2038367511722404
49,0.2183417945242644
50,0.314891632547944
51,0.7811117522155813
52,0.23905812219015948
53,0.08058062424469165
54,0.4934242651791344
55,0.01335714304352625
56,0.019681414898389624
57,0.6282623266176691
58,0.6454396055731367
59,0.2358987429449855
60,0.027429737006445947
61,0.5246291892047484
62,0.12482949720066841
63,0.112837816117604
64,0.787838171043107
65,0.01249932301781726
66,0.2351330991204753
67,0.3863197688034201
68,0.024564516190685864
69,0.6549624103512183
70,0.552489773047291
71,0.7021288208403412
72,0.061609597814905485
73,0.5246818138179511
74,0.8655810135200779
75,0.030109703334692418
76,0.14334741084833474
77,0.06556784022884271
78,0.12702711269260242
79,0.013224129320001487
80,0.44644217966285876
81,0.7620026387590377
82,0.7913492402294587
83,0.19834667751419685
84,0.23377255605477848
85,0.058229934511214824
86,0.07039656323191171
87,0.31108185071880695
88,0.29891477518781284
89,0.23377255605477848
90,0.11436456825590058
91,0.1761477595378914
92,0.85887480661847
93,0.8080609478643491
94,0.010675139664235968
95,0.0448452034667806
96,0.1833135512404916
97,0.696616272151503
98,0.2766967848664099
99,0.6266121998584455
100,0.026746869294151564
101,0.8529793806222864
102,0.010821496931764143
103,0.6148293811497472
104,0.010882630695857785
105,0.7972030258701355
106,0.32628659372027863
107,0.11124502081368444
108,0.016531377182853982
109,0.20144161856897688
110,0.07381238744495872
111,0.07518970036658025
112,0.48677820175365416
113,0.2632233596611955
114,0.01618869117671124
115,0.8168694930916286
116,0.027774579524471193
117,0.011783796665130863
118,0.030073350691384754
119,0.7547073545494188
120,0.09982298303134868
121,0.037962590320166044
122,0.2854732580256464
123,0.3343790063914657
124,0.3064634704753155
125,0.2606183485979881
126,0.7508339274070938
127,0.20599243617889537
128,0.17141943701895815
129,0.1764928387703463
130,0.09714068884330632
131,0.04462782476653144
132,0.011802464142106771
133,0.034169000724495774
134,0.24895788022097212
135,0.04998744584978019
136,0.04742214748255295
137,0.011830133906817449
138,0.0671215315147111
139,0.12081321914563953
140,0.01633009053758811
141,0.023651336465199718
142,0.09077489926229532
143,0.08533511301234356
144,0.23264698936914946
145,0.1135280724638513
146,0.28572676746157477
147,0.01655860849766074
148,0.011770153710744986
149,0.6859145114627403
150,0.034967595661708505
151,0.6054492369896408
152,0.41159073322292905
153,0.027766413168112503
154,0.2769923587549452
155,0.8189222757917687
156,0.03962276181544291
157,0.10246870540541775
158,0.049199601526937885
159,0.10674593025674281
160,0.27318984158367926
161,0.7249714282694207
162,0.08084160914095258
163,0.04281363106550161
164,0.5130393164686384
165,0.07857632238777854
166,0.05405477950007396
167,0.11549072728069501
168,0.02258596953534373
169,0.6398964093207832
170,0.8524824385604232
171,0.029203418394817625
172,0.40356939252754437
173,0.37568713806246595
174,0.08862234634419183
175,0.6266898223582854
176,0.08907991448820127
177,0.0520399049164879
178,0.028402019660765398
179,0.819332797967316
180,0.15741730938208495
181,0.07857143877730978
182,0.056373123033595846
183,0.08815708649690582
184,0.09554559998695657
185,0.02108849179407738
186,0.10596354608459946
187,0.012626661122082427
188,0.027166474591220888
189,0.0242580625578997
190,0.026452647324515514
191,0.012131081622400394
192,0.12105417703169338
193,0.042630742056014706
194,0.37981918119720326
195,0.1679895771968537
196,0.0396726042771259
197,0.14075644037633506
198,0.3419654549514335
199,0.5322761341423093
200,0.5320127686669612
201,0.7250924234288807
202,0.18626752532233654
203,0.6840678611311314
204,0.16115625369337572
205,0.015357594289528381
206,0.09665013025481238
207,0.6538562149203435
208,0.7607119643819503
209,0.47038478552097235
210,0.29272292100529324
211,0.09912161627623671
212,0.5809402771000215
213,0.0179870051000362
214,0.016684919082101148
215,0.6056295707481275
216,0.8721357800664014
217,0.7809760691375729
218,0.17643195903484907
219,0.4701766367647077
220,0.41548519169645853
221,0.03280626425274143
222,0.031245175403974042
223,0.11786562903925869
224,0.02277345566202949
225,0.6288651460477714
226,0.2797167887948686
227,0.083467403981154
228,0.5175818315851939
229,0.32598214624672883
230,0.010990645046614397
231,0.01724632735118189
232,0.3061762567113996
233,0.011650461041083289
234,0.021511445577952468
235,0.03150011963782752
236,0.7700056997390782
237,0.28471473082460486
238,0.060089001603515595
239,0.3581450616557596
240,0.1645155118278004
241,0.027625824870157096
242,0.12193707992218018
243,0.4444147813742159
244,0.045999996624983254
245,0.08214215585573272
246,0.02682081880728467
247,0.010093564153713902
248,0.05752386343419327
249,0.02737896533132797
250,0.009690975340289744
251,0.027238108516912794
252,0.07813271288253729
253,0.4575294191754961
254,0.3588243880498678
255,0.672352499504949
256,0.08164719413582952
257,0.1463438280466541
258,0.1549013309278393
259,0.656142877824559
260,0.10470815801778886
261,0.32396422530913144
262,0.2149978010923721
263,0.5285233271819926
264,0.6365374161889688
265,0.3225213143492186
266,0.6617243265180137
267,0.2814707041980021
268,0.18989227497605576
269,0.08453454788443435
270,0.015394235663562478
271,0.012423745802230731
272,0.2789309717727845
273,0.5181721587120297
274,0.05217942427492468
275,0.37285503608936793
276,0.041787777931227114
277,0.057444631570809375
278,0.12561464583199386
279,0.03464223664880236
280,0.6224403183615308
281,0.04287728200793234
282,0.5974659195588339
283,0.010675139664235968
284,0.15348017813801487
285,0.01263361078957372
286,0.014112133298252331
287,0.010990645046614397
288,0.06886902973711846
289,0.7509443805712547
290,0.43314830637791624
291,0.5984088832132385
292,0.0418572311100654
293,0.4651255440671954
294,0.6020814901096602
295,0.06276290067764598
296,0.0812067390642776
297,0.5075147944780106
298,0.010162307673953916
299,0.23211039338071493
300,0.03842544668957469
301,0.06430477170307614
302,0.12188003140710518
303,0.7696691416172153
304,0.03477076475432138
305,0.16799734483088094
306,0.3226103699451639
307,0.6431537643448964
308,0.7321150220962519
309,0.8148931387007285
310,0.052500703225017646
311,0.016861293381903397
312,0.08500573863646325
313,0.048637251041119656
314,0.4656366284205811
315,0.7817893131731065
316,0.025150563774766713
317,0.27952942332422115
318,0.7556762935117998
319,0.48721156654733566
320,0.3561935511081128
321,0.6805692866258969
322,0.5223549152397834
323,0.0854530756244591
324,0.029127063692693907
325,0.7555734817716195
326,0.024173589383028583
327,0.22271974743324896
328,0.011271199717393142
329,0.3343805441646986
330,0.08386151404666625
331,0.3259252915426019
332,0.2568425821156222
333,0.15547872118184594
334,0.6990515565735052
335,0.09486803053302735
336,0.014081393347740464
337,0.2098516927066703
338,0.026203279807308712
339,0.022962399863265363
340,0.5374705222617562
341,0.3117395271951351
342,0.11384746388512204
343,0.20816327303357465
344,0.02047775135508364
345,0.043963336197549434
346,0.38796674266876574
347,0.31344220005523205
348,0.011661544677444576
349,0.35140363152432996
350,0.05094984738057297
351,0.04890889485293143
352,0.18233462172418388
353,0.054040514059982676
354,0.27427353816821953
355,0.02440470771355718
356,0.7885602723987182
357,0.5659601422461435
358,0.6670504110977085
359,0.5634858030766634
360,0.21331114426150263
361,0.01800328829931785
362,0.3311007938866081
363,0.03826792406629281
364,0.2711216206217429
365,0.01230599148395802
366,0.0650355228158163
367,0.14582487034136343
368,0.06910000335850422
369,0.07181509327732254
370,0.07416375457014963
371,0.279214162648501
372,0.046874121472568545
373,0.8565293604803206
374,0.025400088749726952
375,0.12547110777743392
376,0.22559737589685977
377,0.14048860419939163
378,0.6615001656158658
379,0.5133859806481459
380,0.2331386955462547
381,0.061039154133062504
382,0.029372809353916923
383,0.3764799301037474
384,0.20952127615032734
385,0.5263547178964735
386,0.5198514157674874
387,0.017501916911408337
388,0.010096845164730051
389,0.016614354898497153
390,0.6936234492688028
391,0.017670416083631707
392,0.6067825535267601
393,0.37211375775639044
394,0.0714041776143381
395,0.34661939818822196
396,0.043963336197549434
397,0.035557596543784695
398,0.15822104579880278
399,0.018605747733013184
400,0.26836006181053207
401,0.09565625194947774
402,0.021535571550471883
403,0.17727067605352598
404,0.025497522692368508
405,0.5132883291086151
406,0.6546472792222907
407,0.30630480604142524
408,0.23377255605477848
409,0.013874343691273317
410,0.03928789435356693
411,0.06124536776351211
412,0.6175317480596282
413,0.5271739554668755
414,0.23234872051533179
415,0.1777219973008171
416,0.017171894815520266
417,0.43537685578065116
418,0.053159937967070824
419,0.10790120717505154
420,0.33930737759809626
421,0.2118910777847818
422,0.4695050333212386
423,0.11623015699968776
424,0.09806333821985955
425,0.7050747829670789
426,0.17095683689812963
427,0.051126257509079606
428,0.85887480661847
429,0.20420217642982927
430,0.034771607005352784
431,0.08600572307052524
432,0.6806939211864209
433,0.6584837628598227
434,0.5096144048717703
435,0.7284751702683173
436,0.01586602085465842
437,0.02996851935373789
438,0.37633867644584257
439,0.5292029002878821
440,0.09574462986977383
441,0.20938275690499614
442,0.14741632816634515
443,0.0401069196370731
444,0.28536745795002333
445,0.01242723821481795
446,0.02306195823279594
447,0.02598505823464752
448,0.5245873976479078
449,0.08126224690086231
450,0.5795768931186034
451,0.4108821216620234
452,0.018891744442243952
453,0.5659601422461435
454,0.03873380938424847
455,0.17942778916840055
456,0.18875107390913312
457,0.014086665388653268
458,0.021403938718733053
459,0.08585216805430787
460,0.12606369989083605
461,0.01891307662991726
462,0.02548353481225036
463,0.028485545995292946
464,0.31344220005523205
465,0.16365844646714026
466,0.027784607029283714
467,0.7271012395281677
468,0.17925188073425175
469,0.041705447992704675
470,0.3876480545692882
471,0.3874670895991424
472,0.2038367511722404
473,0.24803678406861895
474,0.5183934782666993
475,0.03789708912238568
476,0.7938538886455078
477,0.024218397683185032
478,0.047528004151003535
479,0.22155609742393625
480,0.30913234035029113
481,0.02932580471888253
482,0.2068003655408178
483,0.6206178791909539
484,0.054100234559395964
485,0.3871991813650543
486,0.5461083369126863
487,0.23752397540114903
488,0.012853045731072758
489,0.060607013883468036
490,0.8138472619726759
491,0.3405260885835366
492,0.20360818821524895
493,0.06712135888851548
494,0.05235248229787417
495,0.023333253167023022
496,0.07267938933060604
497,0.051154382026156756
498,0.7191587032782961
499,0.05995750592809959
500,0.7782651235047348
501,0.02917565659021114
502,0.1647311037575655
503,0.33447620368953696
504,0.2838393530475894
505,0.02464805897502258
506,0.14917448851294898
507,0.24516503325619057
508,0.586328510382854
509,0.07620126233134192
510,0.7367351847041781
511,0.26361372817912426
512,0.6869283763257823
513,0.48018979678183876
514,0.1291663058195355
515,0.05848425839011178
516,0.24335333609187623
517,0.8762343898053133
518,0.4010343839166029
519,0.013747465919508262
520,0.5411876148419551
521,0.05045208444170592
522,0.017285021640977012
523,0.15588369183789347
524,0.8721357800664014
525,0.11959173553262131
526,0.4369293414476386
527,0.11583266394034106
528,0.6214514960626986
529,0.07425243262606272
530,0.03967215453354159
531,0.08362717982478629
532,0.13144212030652264
533,0.44642116647224056
534,0.7845866011756628
535,0.6935266669114933
536,0.41342600722340933
537,0.05135929120639015
538,0.44993766117911826
539,0.163175564407406
540,0.5640808548536923
541,0.7342989955340097
542,0.1428430125335604
543,0.10250928821263866
544,0.15830904985265698
545,0.31146944757774964
546,0.42087406362825447
547,0.028126605015681032
548,0.32386479966249965
549,0.048686782081685226
550,0.08224456206410036
551,0.03794875820303951
552,0.01995807878336444
553,0.15536411259063196
554,0.10332047475291728
555,0.06550042450828285
556,0.7143393757986175
557,0.6090271332075288
558,0.10714368888600799
559,0.2937410513960415
560,0.4373970918965589
561,0.012767433843015144
562,0.03200779816347086
563,0.015126362188853775
564,0.22263866200932575
565,0.2565447202434022
566,0.6907770817034242
567,0.06894672560881471
568,0.539854619025578
569,0.06891291029552424
570,0.0156274888834917
571,0.6721288026654398
572,0.7235383585521413
573,0.1682165809038157
574,0.016413409491044112
575,0.2824160522187966
576,0.17610333600393954
577,0.5593453818492119
578,0.3821951347939451
579,0.8003694345811588
580,0.024287945000014098
581,0.6258700534952533
582,0.011271199717393142
583,0.021526765396416018
584,0.22129208969207806
585,0.021267303762183238
586,0.1591451049870005
587,0.048193465947007796
588,0.851566699380289
589,0.44155654344695583
590,0.8955970648093939
591,0.08189690653546094
592,0.5913809742760231
593,0.05464331651357177
594,0.3786139711585066
595,0.5142916357546922
596,0.010821496931764143
597,0.4903128578142644
598,0.5577064198773217
599,0.034815125050103694
600,0.011884711319917408
601,0.223159373228655
602,0.10168503536997926
603,0.6345830188512992
604,0.034021051799881886
605,0.2209787896536208
606,0.06992378558073574
607,0.5961407469148432
608,0.05810750125940579
609,0.1544475965910977
610,0.4833544621366525
611,0.16365844646714026
612,0.3389319527460096
613,0.157777671735792
614,0.07697985663344382
615,0.016129246535515278
616,0.5117607080875426
617,0.10511805907603533
618,0.018592917465948784
619,0.19862625177921628
620,0.029644540749936797
621,0.30383124752002477
622,0.696616272151503
623,0.8548480233004622
624,0.044441814694926945
625,0.11583792542681055
626,0.01894287811603702
627,0.026008233606308665
628,0.6993725688014485
629,0.17298420969885325
630,0.4783173743808174
631,0.03283250340939772
632,0.5551235213302618
633,0.02410697665831287
634,0.5932019593277645
635,0.020065645632048934
636,0.07498007316830932
637,0.14019373194305518
638,0.15631655171201725
639,0.5977415368272099
640,0.8380043583125677
641,0.13513352831686776
642,0.11374108552379684
643,0.13051661438736917
644,0.29585818154050547
645,0.03417185914023885
646,0.1028183046242544
647,0.06308574207698871
648,0.01165202054008843
649,0.0577241577125139
650,0.02594690805630169
651,0.7874746993640975
652,0.02835839819009346
653,0.23928407624747947
654,0.1849841236004929
655,0.5660300538694112
656,0.18149437813929314
657,0.11634343956387222
658,0.04724703684506428
659,0.3435071880574513
660,0.049580797566828316
661,0.024200875260614887
662,0.4200469742623979
663,0.2619976902405303
664,0.02983855341125732
665,0.7255407316254838
666,0.8832139153540636
667,0.1784878358710498
668,0.02987178239675591
669,0.01385643633691112
670,0.02992603330571792
671,0.49875774249814736
672,0.5918384873470033
673,0.3833644228333335
674,0.7508463832422904
675,0.09689120647367548
676,0.015618005917254856
677,0.2556795245853291
678,0.2948764600384265
679,0.6651651563974583
680,0.5222597399446155
681,0.11159938257847682
682,0.015481139592991
683,0.38819123106551073
684,0.045483404619712606
685,0.33778420532172904
686,0.03592283794428638
687,0.027174795534899123
688,0.24633261149452776
689,0.2069014634704729
690,0.7059095175726102
691,0.8500527767143614
692,0.33019801506484453
693,0.23927440363442093
694,0.04724703684506428
695,0.5785062116028613
696,0.3021946117993101
697,0.012945496232402657
698,0.03293443673535284
699,0.10030251319039937
700,0.05444568643835637
701,0.15430038152983652
702,0.08367035277338422
703,0.08058453883026138
704,0.8684525435926281
705,0.014738895471099953
706,0.06381932873375107
707,0.766509159612297
708,0.017963985992151238
709,0.08925206006846066
710,0.049357971170154016
711,0.18504401494468817
712,0.2858359517497369
713,0.2565447202434022
714,0.15696279808307903
715,0.1590037762424698
716,0.7797933311156284
717,0.023643277566855844
718,0.3989352051637156
719,0.8157349804848313
720,0.10504654192129761
721,0.23310270708596653
722,0.18213023366666772
723,0.48994597692894937
724,0.1042730558422184
725,0.7077803989749307
726,0.01584972504093473
727,0.3380239642114795
728,0.1829990003755243
729,0.02190103404578707
730,0.012991692295321567
731,0.736195204903377
732,0.012766695031236647
733,0.027203683247531356
734,0.05597789947930715
735,0.495739181870593
736,0.024689658119387222
737,0.23086795106760594
738,0.4660768285539093
739,0.39993215329906745
740,0.2846068643452241
741,0.35188993632292065
742,0.31641400583463947
743,0.47360419173486473
744,0.1287652703407842
745,0.1963322083760087
746,0.07831363433928093
747,0.31619420368167017
748,0.011001874839841948
749,0.643526979785663
750,0.5850465830919294
751,0.024374506850796236
752,0.188001313314554
753,0.10181272560963386
754,0.6085761480090877
755,0.09336825616127956
756,0.12352087103281166
757,0.40682209945344566
758,0.05659207407593255
759,0.6975369692120474
760,0.3567993951003731
761,0.6687125018608188
762,0.7821951693283626
763,0.11760705423824398
764,0.10936309665176185
765,0.13560354447129877
766,0.4939873852292534
767,0.051952857812701564
768,0.1364784819087325
769,0.3987750478225721
770,0.5947632902764846
771,0.028850800224498086
772,0.7613092483349005
773,0.14848110165223388
774,0.6214685921727143
775,0.0627521388411563
776,0.061939922653436716
777,0.5733475082089118
778,0.046542568815955115
779,0.639875164480873
780,0.07156884858533791
781,0.4392984766290949
782,0.5795894434211487
783,0.7151317820373626
784,0.020416360938613865
785,0.6290480462229
786,0.12267547835709254
787,0.17263241525439985
788,0.5288557163336387
789,0.02206242390347778
790,0.5152625069551603
791,0.6609547037404722
792,0.026198656285195333
793,0.5512524774219634
794,0.6406286164992657
795,0.48112857357548283
796,0.3263197366901409
797,0.015357594289528381
798,0.07329145570331656
799,0.04403641006041456
800,0.2629117847627931
801,0.2827510254284486
802,0.024160073469658306
803,0.7373689595463523
804,0.01107460176556863
805,0.14156880460726287
806,0.01149980779837056
807,0.5352243501289321
808,0.11925903119453904
809,0.22307544547999386
810,0.11360578772989662
811,0.2734927115467642
812,0.3618662286676398
813,0.1443760372138718
814,0.049267515356610767
815,0.5965693378509302
816,0.19435289404708117
817,0.32446873930357034
818,0.016271984908003707
819,0.04082041311032928
820,0.11836883174863219
821,0.7875738697632901
822,0.012134492775652421
823,0.04449384657902599
824,0.08210007080072074
825,0.02190103404578707
826,0.013870450312078291
827,0.5173507556187061
828,0.6926738777186933
829,0.706515254272305
830,0.8347968368616147
831,0.8380043583125677
832,0.22454739867384158
833,0.3450895284611648
834,0.22819414023587928
835,0.32926296728804927
836,0.05797321120619852
837,0.7272195589639961
838,0.38441219952843847
839,0.34160429564546196
840,0.31344220005523205
841,0.23377255605477848
842,0.14004697619843046
843,0.4419829708806912
844,0.019290389784113515
845,0.3781604838376427
846,0.625590008695954
847,0.8575666478574243
848,0.028177579778035148
849,0.17807786002963222
850,0.3708156988094149
851,0.09211698107704015
852,0.01964333092209854
853,0.23952399224977847
854,0.21424883642911588
855,0.07236178710447222
856,0.4928270342046748
857,0.11435087438663222
858,0.7234814252789947
859,0.015233313181332395
860,0.491536396590594
861,0.08336993652123977
862,0.09708564422941834
863,0.570729738701497
864,0.1284983523570925
865,0.029507779226850984
866,0.08256280929947499
867,0.31912744294803425
868,0.2277239444257172
869,0.37404040474193506
870,0.763383670977654
871,0.08213890588650387
872,0.0748884435503376
873,0.5410825970061347
874,0.6615799796285475
875,0.5224159725800667
876,0.26675437342782254
877,0.11599453045894198
878,0.026203279807308712
879,0.12349748827844888
880,0.1545823799500934
881,0.05947788226795372
882,0.011122211034466322
883,0.7992052942576378
884,0.043242544985304575
885,0.34132869599346377
886,0.23000994315775675
887,0.020593505840884947
888,0.04467378075952895
889,0.2474786839700966
890,0.2928313959275837
891,0.12735308185179534
892,0.012541386070963143
893,0.7275307981241772
894,0.05506336185097968
895,0.02462095301350537
896,0.02495159742318163
897,0.4555311412373054
898,0.0661700824577627
899,0.7939672518048116
900,0.018017857328134185
901,0.16481012245819815
902,0.07859727128009553
903,0.055181772420931155
904,0.1653235317621997
905,0.012355232564053365
906,0.6058850540370138
907,0.012526841905917269
908,0.0294999620897524
909,0.8156665602395405
910,0.018123778064695617
911,0.02215812407081648
912,0.012793119737832747
913,0.5186973196999691
914,0.12002184036316159
915,0.045955511363354365
916,0.7201476342547125
917,0.48685354391150065
918,0.23377255605477848
919,0.7853723344497139
920,0.15637847964251952
921,0.8397528208910489
922,0.10656957713009464
923,0.0885923152905904
924,0.6482084895324578
925,0.08984360554233534
926,0.04891798179887557
927,0.22454739867384158
928,0.06335792766163978
929,0.13853709723048402
930,0.7607084300944056
931,0.5143551345362638
932,0.7717862799718173
933,0.03745209101099205
934,0.08045336859488324
935,0.052965081296494194
936,0.011527876205354838
937,0.28088295221437193
938,0.13176530558143168
939,0.022299860748107688
940,0.009137303445397914
941,0.7219483218005893
942,0.47745885257643605
943,0.014208843933107203
944,0.12947515650513639
945,0.6631744090940459
946,0.29415125595488034
947,0.036193339156902496
948,0.07828858287458493
949,0.4336719430467859
950,0.760380065246449
951,0.03559607337214026
952,0.2565447202434022
953,0.340291501405641
954,0.21906544127850874
955,0.1367876533494246
956,0.11169644667107519
957,0.3737918666333003
958,0.04653036805438934
959,0.09194660936259004
960,0.3261372999769417
961,0.4021967368540028
962,0.12228203431414153
963,0.02531900289864754
964,0.5617750957033194
965,0.7162347893058998
966,0.2532411133075844
967,0.019097664235585586
968,0.10783306599174464
969,0.040712088541462
970,0.02678040329947286
971,0.02946217583754683
972,0.3950305209286985
973,0.12897710746475494
974,0.011770153710744986
975,0.5069951002695278
976,0.0866859644308447
977,0.08137597794410062
978,0.41888620822801453
979,0.07200231515581357
980,0.6948065940915283
981,0.08428782722489338
982,0.39556594905388703
983,0.011541389043947962
984,0.6265141150604192
985,0.042763514369904346
986,0.04302756025472203
987,0.5959233627399937
988,0.38978999986802787
989,0.04927681126192837
990,0.6552980715374522
991,0.6301161683176921
992,0.20000622275183338
993,0.1120974940262823
994,0.6491928261290455
995,0.41493301438738434
996,0.16365844646714026
997,0.010593094949267357
998,0.8571871861776857
999,0.015060223688539941
1000,0.023506505016964864
1001,0.2369029790852091
1002,0.23377255605477848
1003,0.17448367918767266
1004,0.44227436037327245
1005,0.011257976681154244
1006,0.03442121268562503
1007,0.0659300323272716
1008,0.07537928737980841
1009,0.2431851299148065
1010,0.6141666814565307
1011,0.3974984200654755
1012,0.12815101072342436
1013,0.22119160936267937
1014,0.12229167898715947
1015,0.017767072159147145
1016,0.010159609774541226
1017,0.1164834567113472
1018,0.5533008575637965
1019,0.8481354711820449
1020,0.7308422573100382
1021,0.014376921998287388
1022,0.09666913794987272
1023,0.020200164505233823
1024,0.08293443594968566
1025,0.8480737785987001
1026,0.3944934381120647
1027,0.054934427592690495
1028,0.053870818703458834
1029,0.7311603131291028
1030,0.20140352897318148
1031,0.011650082772453439
1032,0.06609794873128022
1033,0.10844381104136061
1034,0.0781331123907947
1035,0.6209650215514316
1036,0.5314455105737789
1037,0.1364900925718483
1038,0.26529612638750427
1039,0.012545733909817692
1040,0.5028215323200217
1041,0.23795478106778065
1042,0.5370516318849016
1043,0.010886847249100804
1044,0.0753623968351857
1045,0.011157481282446697
1046,0.01253226979636119
1047,0.28056314862472576
1048,0.7195772568043557
1049,0.05309564684169272
1050,0.229700380962666
1051,0.12365623892464764
1052,0.11211210462051151
1053,0.033827099114521864
1054,0.017499559319772495
1055,0.04254599543331018
1056,0.13949250960839849
1057,0.08798214469613634
1058,0.12154683017987082
1059,0.5436583930078412
1060,0.48038291025183943
1061,0.05078780527730962
1062,0.12839907064597794
1063,0.02464243812659915
1064,0.09559308880574433
1065,0.38506475456961947
1066,0.08593051316748142
1067,0.16891810880186706
1068,0.039236586010707675
1069,0.011516544149602067
1070,0.06163711931439126
1071,0.13162119866578398
1072,0.0841577759272468
1073,0.1386032955182905
1074,0.034181478161160565
1075,0.02567731449530997
1076,0.04852789668193151
1077,0.45566271703005573
1078,0.1278795921187238
1079,0.5768129917936199
1080,0.019989956026940977
1081,0.8354499507136488
1082,0.37020262355075345
1083,0.06259540180976407
1084,0.6225892371167637
1085,0.29331728153955045
1086,0.4930279567428448
1087,0.02894205152857633
1088,0.6708382159739307
1089,0.7875738697632901
1090,0.15222275367533702
1091,0.6047423956854664
1092,0.05525624564831211
1093,0.644169914418359
1094,0.36874756151574095
1095,0.061609597814905485
1096,0.03913877626813486
1097,0.22251305151096648
1098,0.33837197257849866
1099,0.0983343919951797
1100,0.47749940701477295
1101,0.32506587771090156
1102,0.11007677555685252
1103,0.04724703684506428
1104,0.022578834337042594
1105,0.07235147885887051
1106,0.017968344346607837
1107,0.034412186317896144
1108,0.012268929620286737
1109,0.2727944884929102
1110,0.7089330416105479
1111,0.054331146740603145
1112,0.011102124943804722
1113,0.06471447588383904
1114,0.07240767582103819
1115,0.5940933086579258
1116,0.24166381655707142
1117,0.13515570565012944
1118,0.02858418306710524
1119,0.18333728390668416
1120,0.094127023028367
1121,0.14625166351453706
1122,0.4216629355001234
1123,0.3589165113274745
1124,0.025894335944144645
1125,0.02246041789356284
1126,0.3243587515183178
1127,0.5624174620579087
1128,0.14010135003641555
1129,0.5363990811767986
1130,0.3963131228129542
1131,0.02204141645012698
1132,0.11193635409749417
1133,0.1572523315853293
1134,0.7467813691455485
1135,0.6795780218613261
1136,0.017861387793796032
1137,0.07254258213622225
1138,0.5682816701549319
1139,0.014171195658116488
1140,0.6298206953344765
1141,0.5763453925109371
1142,0.06299524169365803
1143,0.09692521433520282
1144,0.5094469311527179
1145,0.2208151775349281
1146,0.08027390781716434
1147,0.12692431084801184
1148,0.015126504999430449
1149,0.040737763549810006
1150,0.3266589913293924
1151,0.39562567133881876
1152,0.5505256191248548
1153,0.010935617032466058
1154,0.18454410665136736
1155,0.09125671680054884
1156,0.01012930412796509
1157,0.1647311037575655
1158,0.5285233271819926
1159,0.8610907219771159
1160,0.01138855166062561
1161,0.22195323636657513
1162,0.2976329926710784
1163,0.2025944855989117
1164,0.019739712728626322
1165,0.5958326444375374
1166,0.12208815025680865
1167,0.014507620157801675
1168,0.1474955723768026
1169,0.010351459005690096
1170,0.03658259547146637
1171,0.05124109519421552
1172,0.20211984698163984
1173,0.0765312020458518
1174,0.10949844421957503
1175,0.6883043438378323
1176,0.16562992160376516
1177,0.03275163133935402
1178,0.4756602362689977
1179,0.0512615605345066
1180,0.02331655374175594
1181,0.013276743976418762
1182,0.2619976902405303
1183,0.07152588916985625
1184,0.07726158330947347
1185,0.142231908566564
1186,0.6873972124243459
1187,0.5864024149556978
1188,0.011342164449199214
1189,0.10457573768924876
1190,0.09908502945944127
1191,0.04826543659682267
1192,0.20568988533881227
1193,0.475188336632031
1194,0.549995144538473
1195,0.05899828223803445
1196,0.14222679081154638
1197,0.06562914712128369
1198,0.033953917438541155
1199,0.25510997933353124
1200,0.13290262869921643
1201,0.02674056859531934
1202,0.024518919071844895
1203,0.510736506366429
1204,0.2773839435738671
1205,0.18266934205770885
1206,0.5572655976370561
1207,0.08017980084266556
1208,0.35850667095708527
1209,0.07171028597544757
1210,0.31858206322037963
1211,0.028347194620257872
1212,0.07732035963951278
1213,0.8687711814138236
1214,0.14851181379073955
1215,0.36487882210157935
1216,0.26488328168735625
1217,0.6629657292746223
1218,0.24405399401208885
1219,0.06711630897699249
1220,0.012394990274882245
1221,0.4444723884882574
1222,0.8474388521420024
1223,0.37043694813642597
1224,0.03350755997719193
1225,0.33652551718567725
1226,0.7853723344497139
1227,0.6545450691094435
1228,0.5811563538659664
1229,0.8618959455325094
1230,0.011873739469840041
1231,0.6868505216498019
1232,0.6692912107293986
1233,0.453747994217172
1234,0.20476772122284906
1235,0.0118148171181543
1236,0.8832139153540636
1237,0.5772739390847611
1238,0.5544601411204614
1239,0.017359882432439196
1240,0.1755034308626901
1241,0.07827875937051089
1242,0.013238540475670201
1243,0.7614056622865886
1244,0.013578315428287328
1245,0.08259839819172525
1246,0.4419829708806912
1247,0.11097540732209417
1248,0.08119833801562612
1249,0.11639952923348153
1250,0.055700433247529144
1251,0.32136038436521075
1252,0.010768489177566344
1253,0.8608673707181694
1254,0.12236236532865297
1255,0.009938083551820553
1256,0.6479417571058057
1257,0.6209640606520097
1258,0.010825732682452583
1259,0.3023135429501383
1260,0.8450518003502813
1261,0.022164813083711744
1262,0.2038367511722404
1263,0.25671811163866115
1264,0.22705958555496283
1265,0.28545464995518194
1266,0.5277890384850641
1267,0.2978093543707978
1268,0.6257631125825004
1269,0.3787554549047353
1270,0.026547285514504786
1271,0.020132690371176286
1272,0.11785368278653074
1273,0.02162301304374017
1274,0.01110877672245199
1275,0.1570052281761044
1276,0.02730462281726915
1277,0.009803555753156059
1278,0.05985836144043492
1279,0.2932040595914223
1280,0.04201685494344648
1281,0.5642669235338915
1282,0.82797322303517
1283,0.2565447202434022
1284,0.5924640605855338
1285,0.15627072905494385
1286,0.0990933335660083
1287,0.5765084657077031
1288,0.5587346248418308
1289,0.04221775017736826
1290,0.17724071411887793
1291,0.603019049543473
1292,0.07281792054234057
1293,0.02805197550635767
1294,0.1703813450676199
1295,0.4604241738221161
1296,0.05874282598299238
1297,0.24026155717946182
1298,0.5710159914574986
1299,0.45297038582273463
1300,0.6408629539603394
1301,0.8448204310300029
1302,0.07177434417738811
1303,0.6165592028432247
1304,0.11828906045838755
1305,0.06840329779752725
1306,0.15994820941668025
1307,0.03327484669112636
1308,0.15313532487857126
1309,0.8243347048238638
1310,0.17665202654074422
1311,0.46042639791402373
1312,0.3378965074672586
1313,0.025070420334348736
1314,0.021646952848551403
1315,0.2737718680392628
1316,0.010893449414530382
1317,0.5702192317643482
1318,0.02598745557208823
1319,0.01273203057705326
1320,0.13998115575382214
1321,0.02019981178843434
1322,0.31344220005523205
1323,0.22735347524523977
1324,0.07858420881156634
1325,0.4281020243493395
1326,0.6179463732768555
1327,0.1258853009306366
1328,0.7258837641277993
1329,0.26220143511616917
1330,0.7772928388149245
1331,0.17215223429315205
1332,0.17407793590429504
1333,0.20309019601973113
1334,0.012394990274882245
1335,0.7076590408936186
1336,0.03594603172273157
1337,0.6296440337853706
1338,0.01264841728874309
1339,0.7632693545031921
1340,0.022128328365990914
1341,0.24575510209406495
1342,0.016115744460586962
1343,0.09208730189215211
1344,0.04531671338760054
1345,0.0791075928608026
1346,0.06448517424361615
1347,0.012896071843960761
1348,0.7045749827370967
1349,0.021169216744453868
1350,0.020877243261257936
1351,0.022434131149098358
1352,0.037283585992512316
1353,0.4193580073512525
1354,0.24769181490748152
1355,0.6566092549393353
1356,0.06293556492847349
1357,0.4804578138641325
1358,0.015700680638195557
1359,0.16069053346508758
1360,0.12722747707206628
1361,0.0913967064976136
1362,0.6429532097748887
1363,0.015578539671372574
1364,0.11630778143630473
1365,0.4798095811624128
1366,0.2358987429449855
1367,0.032071769707625895
1368,0.1354815489849549
1369,0.0700032146576874
1370,0.03868015440923107
1371,0.7319641662492803
1372,0.01825264110453661
1373,0.14592235499876424
1374,0.03386816860503798
1375,0.2007821730038202
1376,0.06324075392561417
1377,0.44435314694681455
1378,0.28003892452745227
1379,0.14630417593300532
1380,0.7627774019696725
1381,0.5603131224028216
1382,0.4421139621344997
1383,0.011374895637943007
1384,0.41213582897476886
1385,0.7495922961164154
1386,0.6653917332753938
1387,0.0765312020458518
1388,0.6578720714756922
1389,0.5957040329938991
1390,0.5694123968342906
1391,0.030513644427124263
1392,0.776969437799272
1393,0.13622712907260826
1394,0.02046881155834862
1395,0.4576563455402582
1396,0.10458494697285223
1397,0.012543218537004745
1398,0.2677794879396777
1399,0.1833010056892284
1400,0.2414455447756617
1401,0.03792692501146101
1402,0.31813824088974263
1403,0.013731281405182458
1404,0.11032312319709878
1405,0.10417187376464236
1406,0.2565447202434022
1407,0.31344220005523205
1408,0.09211698107704015
1409,0.010351459005690096
1410,0.03920186780258564
1411,0.01898854947547914
1412,0.5424177731482882
1413,0.6428043624815266
1414,0.02267024036549724
1415,0.06852810797236672
1416,0.23055369653207014
1417,0.014109361314652026
1418,0.11526045310293732
1419,0.3712350020427357
1420,0.053657970608304545
1421,0.010822685406886811
1422,0.014085688716891786
1423,0.01289915427680331
1424,0.09949107536055012
1425,0.06041852556170667
1426,0.024007175786302477
1427,0.06994229695712065
1428,0.7674299673813991
1429,0.3674737436265508
1430,0.1464458947665138
1431,0.24603885476694773
1432,0.33917030293398315
1433,0.021530106760251553
1434,0.7653166631323987
1435,0.22183728289725377
1436,0.37131145775558827
1437,0.12991259473127192
1438,0.36754754102587944
1439,0.40962082741903055
1440,0.23377255605477848
1441,0.5382799197867386
1442,0.08457457391015646
1443,0.6232854126592812
1444,0.1819331082766868
1445,0.15219066267643633
1446,0.197555701251603
1447,0.16516678083534278
1448,0.06869382305257431
1449,0.877109651949057
1450,0.044277224028495064
1451,0.7376823866927933
1452,0.5256544786724242
1453,0.02207029465041826
1454,0.18635654120877818
1455,0.03922986073397046
1456,0.08158801039146159
1457,0.17429637783906
1458,0.1960341007940206
1459,0.8161773882140558
1460,0.766509159612297
1461,0.020025503022684528
1462,0.012344968703335383
1463,0.23377255605477848
1464,0.34228888832733056
1465,0.5703342644627712
1466,0.034260727105128445
1467,0.025893343673451936
1468,0.025713706224450676
1469,0.45685560179540946
1470,0.18652382567782472
1471,0.049830436789529475
1472,0.422471432027476
1473,0.34489807439786546
1474,0.4578874128117724
1475,0.8110912595649826
1476,0.04528782525663423
1477,0.03863695811160191
1478,0.26766444080537405
1479,0.4502356896992064
1480,0.022927793721210087
1481,0.3405260885835366
1482,0.013721447488292854
1483,0.08853456313351676
1484,0.1570213182650176
1485,0.22454739867384158
1486,0.045799662747305875
1487,0.11894061284514877
1488,0.2616291787291217
1489,0.1763112027494117
1490,0.6491928261290455
1491,0.024403703780787503
1492,0.011953195068895344
1493,0.1801868062219875
1494,0.7484299921131558
1495,0.4123726123658214
1496,0.30098534732096804
1497,0.12162702761919686
1498,0.21413958998075186
1499,0.11593866761325204
1500,0.04723422708467734
1501,0.051074204975776825
1502,0.010093564153713902
1503,0.13994022260843325
1504,0.9127221918218507
1505,0.39015009696944386
1506,0.6763359806605058
1507,0.19103855357255117
1508,0.6191112876305981
1509,0.4530012892795623
1510,0.09878862288322261
1511,0.04222256270410273
1512,0.09191218228196263
1513,0.19438403579626737
1514,0.04250004761318568
1515,0.47580699485374717
1516,0.07210493098457334
1517,0.6252703206332547
1518,0.38225448545505863
1519,0.11325064446730526
1520,0.042028312185810136
1521,0.07931969580333299
1522,0.019462080269564003
1523,0.13771864248005394
1524,0.01958664008443134
1525,0.5540181589880485
1526,0.06808780337017219
1527,0.7402592451164307
1528,0.09211172124814161
1529,0.5355814271496594
1530,0.14016266036306324
1531,0.14191995909607974
1532,0.011873739469840041
1533,0.1179652758158061
1534,0.04151116893737205
1535,0.1505833481135172
1536,0.05975254604378195
1537,0.3152602119740918
1538,0.010093564153713902
1539,0.4894497131251786
1540,0.059401289046410635
1541,0.600856207703209
1542,0.3456375791001165
1543,0.010860978777022173
1544,0.03651249822029303
1545,0.5689464926516107
1546,0.15091469049667044
1547,0.2879869914524131
1548,0.4445561495135756
1549,0.09863053642804107
1550,0.8408289341638172
1551,0.5999875975271164
1552,0.45528339051776884
1553,0.013457705509849587
1554,0.016732389165524046
1555,0.03169899276444512
1556,0.3519525458385102
1557,0.6306989298485804
1558,0.05094935937288878
1559,0.02072664339893606
1560,0.30519257230312363
1561,0.0173762377385189
1562,0.04691870921518168
1563,0.5505961771863854
1564,0.06293194241816759
1565,0.16840459605393576
1566,0.02265608174049181
1567,0.04549973683768438
1568,0.7463269488524004
1569,0.017759317960688067
1570,0.3809999738257018
1571,0.07311182561919322
1572,0.18626554469093137
1573,0.019289748304426008
1574,0.5304859881587329
1575,0.855086039748009
1576,0.04115799400090606
1577,0.0558821310599975
1578,0.21819707382813824
1579,0.3043426286193865
1580,0.7547073545494188
1581,0.045507692569107465
1582,0.2565447202434022
1583,0.015538673690659567
1584,0.5688816110619663
1585,0.4112995591902348
1586,0.029175836385571956
1587,0.0671820363752544
1588,0.012351623654770895
1589,0.38781913846827976
1590,0.28375623262592775
1591,0.32389381595649647
1592,0.8316172340647059
1593,0.20484164265052482
1594,0.010697353144909763
1595,0.2711169515903492
1596,0.12073238810820103
1597,0.15071391809007265
1598,0.1033934682525937
1599,0.29177581641236167
1600,0.6613657051487138
1601,0.3679933365590245
1602,0.7068101683110768
1603,0.6504358021074932
1604,0.026258032281080874
1605,0.1967206934045657
1606,0.10104624072877127
1607,0.20249548077380075
1608,0.02103160437530129
1609,0.580590428998501
1610,0.07075252989457463
1611,0.2243566762311333
1612,0.8271208985405978
1613,0.12395771897717148
1614,0.18358095568347496
1615,0.1549013309278393
1616,0.28113005612119907
1617,0.2110611839089914
1618,0.4176573376896923
1619,0.44200664392821615
1620,0.04321400056451971
1621,0.33007641274917027
1622,0.030979135501065416
1623,0.3733540475414636
1624,0.020953334592683504
1625,0.03531934356011232
1626,0.014657826578102199
1627,0.09880512751802349
1628,0.531680452333037
1629,0.3098444875780273
1630,0.09542009195198627
1631,0.03517101745160765
1632,0.2718613682832364
1633,0.10537212921607263
1634,0.10763464005918641
1635,0.012487991861832987
1636,0.013152749218918762
1637,0.8881898594045988
1638,0.6699121341255605
1639,0.4692015131692288
1640,0.5862506577987077
1641,0.16674321691722485
1642,0.03105545445038581
1643,0.13993507972247118
1644,0.26673505987576523
1645,0.31510986067298113
1646,0.047629825610985096
1647,0.3872105919833814
1648,0.15143581479909365
1649,0.5027731697363523
1650,0.0614260305292669
1651,0.1195170367569307
1652,0.1512016727832964
1653,0.7022376366507015
1654,0.023864926782809184
1655,0.3754065214266044
1656,0.04480504572319768
1657,0.029644509526886544
1658,0.028743477189622536
1659,0.27583996469678324
1660,0.20254867338435928
1661,0.024279975157468842
1662,0.013423556374123468
1663,0.31566139225083284
1664,0.1876889772091048
1665,0.8289482327179507
1666,0.22244455036951297
1667,0.1366513349338369
1668,0.042155573911754965
1669,0.06998770475334491
1670,0.8243347048238638
1671,0.31344220005523205
1672,0.08691153009805674
1673,0.1512475383599278
1674,0.050670473891024755
1675,0.30209895382831586
1676,0.28225128433369456
1677,0.02746098014148202
1678,0.30926617633315173
1679,0.2283148315000386
1680,0.1604095225197465
1681,0.025135706465984196
1682,0.6135585482690169
1683,0.38346373360461944
1684,0.5754598866426842
1685,0.018373842333368817
1686,0.7695924634210936
1687,0.19739060783292275
1688,0.30572223807838955
1689,0.0631127117280177
1690,0.021154381169528304
1691,0.32740325066348286
1692,0.09259941881467652
1693,0.407520890698899
1694,0.04256755108922319
1695,0.13891548612183235
1696,0.47731930500590486
1697,0.2119265138767705
1698,0.12918890617830778
1699,0.16445343621838054
1700,0.052193501687849954
1701,0.15157971930876712
1702,0.026868057905901813
1703,0.03827722861088557
1704,0.7282412814994279
1705,0.1129593802765638
1706,0.5222597399446155
1707,0.20465192032480764
1708,0.6127660810709396
1709,0.5418193940712669
1710,0.014042049164211635
1711,0.3023135429501383
1712,0.044795297942990295
1713,0.5238656196705055
1714,0.13376282313899066
1715,0.01399110306420303
1716,0.26757685541599896
1717,0.01220213637338669
1718,0.01603578961648496
1719,0.2974780113321021
1720,0.011650082772453439
1721,0.6958169321704082
1722,0.4304594857569241
1723,0.014668001434304575
1724,0.8068519829896305
1725,0.371242119370832
1726,0.5120825181931374
1727,0.06665884696509963
1728,0.018330977539565262
1729,0.7281432697001406
1730,0.7111142914209035
1731,0.5285840520158795
1732,0.4357784303781924
1733,0.0519458835470759
1734,0.29129081963712017
1735,0.43156101225493804
1736,0.06955189381716087
1737,0.6022346938204093
1738,0.01929499758868791
1739,0.03477076475432138
1740,0.5898663660771607
1741,0.2032553290527194
1742,0.012377266973650023
1743,0.2547483300252241
1744,0.018373842333368817
1745,0.01774743238937346
1746,0.18989227497605576
1747,0.020529345234490664
1748,0.08475978109487639
1749,0.010484286580852912
1750,0.3547054287780132
1751,0.49413863698634025
1752,0.22769022968494154
1753,0.7273730480715458
1754,0.0688044885613975
1755,0.04827145553350289
1756,0.09360031210892095
1757,0.02039297319783967
1758,0.8064994015503839
1759,0.5844386261635561
1760,0.016475183043677483
